{
  "keras_model": "models/exoplanet_model.keras",
  "classes": [
    "CONFIRMED",
    "CANDIDATE",
    "FALSE_POSITIVE"
  ],
  "sequence_length": 2001,
  "local_view_length": 201,
  "mode": "nasa",
  "missions": [
    "Kepler",
    "TESS",
    "K2"
  ],
  "validation": {
    "accuracy": 0.42105263157894735,
    "report": {
      "CANDIDATE": {
        "precision": 0.2857142857142857,
        "recall": 0.5,
        "f1-score": 0.36363636363636365,
        "support": 4.0
      },
      "CONFIRMED": {
        "precision": 1.0,
        "recall": 0.14285714285714285,
        "f1-score": 0.25,
        "support": 7.0
      },
      "FALSE_POSITIVE": {
        "precision": 0.45454545454545453,
        "recall": 0.625,
        "f1-score": 0.5263157894736842,
        "support": 8.0
      },
      "accuracy": 0.42105263157894735,
      "macro avg": {
        "precision": 0.5800865800865801,
        "recall": 0.4226190476190476,
        "f1-score": 0.3799840510366826,
        "support": 19.0
      },
      "weighted avg": {
        "precision": 0.619958988380041,
        "recall": 0.42105263157894735,
        "f1-score": 0.39026693528078565,
        "support": 19.0
      }
    }
  }
}
